Node No,K value,Freequency,Avg pathloss(dB),Avg signal power(dBm),Delay,Packet loss
1,4,900,102.703,0,0.164992,320
2,4,900,65.3474,5.26164,0.12112,256
3,4,900,68.4043,3.60667,0.118128,242
1,4,910,103.071,0,0.067232,319
2,4,910,66.4115,3.62546,0.116848,249
3,4,910,67.4554,5.68085,0.119856,249
1,4,920,103.046,0,0.167824,320
2,4,920,67.5807,1.15306,0.11632,245
3,4,920,68.3039,3.72102,0.119264,248
1,4,930,104.279,0,0.205856,320
2,4,930,66.7092,5.12441,0.133312,246
3,4,930,66.5432,4.17167,0.128256,252
1,4,940,103.583,0,0.167152,320
2,4,940,65.0053,4.13969,0.125456,254
3,4,940,68.5808,5.60907,0.122464,244
1,4,950,103.583,0,0.168352,321
2,4,950,64.6188,3.15606,0.122688,255
3,4,950,62.9564,1.52236,0.128144,260
1,4,960,0,0,0.169248,321
2,4,960,63.634,4.08033,0.123664,257
3,4,960,65.8796,3.16348,0.12496,255
1,4,970,104.851,0,0.209712,321
2,4,970,61.0708,5.11967,0.124958,264
3,4,970,65.3023,4.4092,0.12024,253
1,4,980,104.248,0,0.168208,320
2,4,980,61.903,3.62851,0.125856,263
3,4,980,65.208,3.17562,0.128864,253
1,4,990,104.411,0,0.166432,320
2,4,990,64.1166,4.50564,0.128688,260
3,4,990,61.917,5.32758,0.132456,258
1,4,1000,0,0,0.169248,321
2,4,1000,61.3798,5.25904,0.129216,262
3,4,1000,61.9384,4.33975,0.131552,262
1,4,1010,104.538,0,0.189024,322
2,4,1010,61.4714,4.99977,0.126896,262
3,4,1010,61.236,5.28634,0.126896,265
1,4,1020,104.895,0,0.187984,321
2,4,1020,60.8853,6.0953,0.13296,266
3,4,1020,58.5426,4.64737,0.137952,269
1,4,1030,104.957,0,0.189168,321
2,4,1030,58.9782,6.82023,0.13176,265
3,4,1030,60.9158,5.52114,0.13544,266
1,4,1040,105.407,0,0.210288,322
2,4,1040,60.9119,6.10571,0.134128,267
3,4,1040,61.0582,4.24231,0.13248,264
1,4,1050,0,0,0.16664,321
2,4,1050,57.305,4.29934,0.134992,270
3,4,1050,54.8995,5.93612,0.137536,273
1,4,1060,105.332,0,0.169248,320
2,4,1060,59.9739,4.27179,0.136288,270
3,4,1060,58.9701,5.19376,0.131296,268
1,4,1070,105.488,0,0.167232,321
2,4,1070,56.8291,5.72025,0.14096,271
3,4,1070,58.0105,4.65996,0.136944,269
1,4,1080,0,0,0.167904,321
2,4,1080,56.687,3.98098,0.131376,269
3,4,1080,56.1552,2.72557,0.141488,274
1,4,1090,0,0,0.168352,321
2,4,1090,57.1973,3.87377,0.135184,271
3,4,1090,56.801,4.10532,0.139184,273
1,4,1100,0,0,0.169248,321
2,4,1100,54.0398,6.12078,0.133088,270
3,4,1100,58.8503,5.98183,0.141936,269
1,4,1110,0,0,0.168128,321
2,4,1110,53.6892,6.11396,0.141312,273
3,4,1110,61.5334,5.98848,0.136368,266
1,4,1120,106.453,0,0.169248,320
2,4,1120,53.3545,4.89077,0.13968,266
3,4,1120,60.5837,5.68013,0.048794,266
1,4,1130,0,0,0.169248,321
2,4,1130,53.1987,5.24873,0.14328,272
3,4,1130,55.0419,5.5036,0.142944,272
1,4,1140,107.337,0,0.189552,322
2,4,1140,52.2957,5.43084,0.141376,292
3,4,1140,60.6442,4.55213,0.047966,302
1,4,1150,107.337,0,0.189552,322
2,4,1150,52.2957,5.43084,0.141376,292
3,4,1150,60.6442,4.55213,0.140576,302
1,4,1160,107.337,0,0.189552,322
2,4,1160,52.2957,5.43084,0.141376,292
3,4,1160,60.6442,4.55213,0.140576,302
1,4,1170,107.201,0,0.169248,320
2,4,1170,53.1456,6.85508,0.142672,274
3,4,1170,57.4945,5.36054,0.142608,269
1,4,1180,107.544,0,0.169248,320
2,4,1180,50.7323,5.51088,0.141872,273
3,4,1180,55.0566,5.94651,0.149328,274
1,4,1190,0,0,0.168656,321
2,4,1190,54.5973,5.83533,0.141488,273
3,4,1190,53.0741,5.49759,0.145424,272
1,4,1200,107.836,0,0.169248,320
2,4,1200,51.1508,4.73923,0.14328,279
3,4,1200,52.4549,5.42197,0.143056,275
1,4,1210,0,0,0.169248,321
2,4,1210,46.6618,6.78155,0.14992,280
3,4,1210,48.76,4.78678,0.14128,276
1,4,1220,0,0,0.169248,321
2,4,1220,50.6216,7.33556,0.146096,273
3,4,1220,49.8975,5.0503,0.14464,278
1,4,1230,0,0,0.169248,321
2,4,1230,45.936,6.82655,0.149632,300
3,4,1230,52.7604,6.02041,0.145936,300
1,4,1240,91.3887,0,0.128688,332
2,4,1240,78.169,0.329945,0.025616,305
3,4,1240,75.4706,0.823291,0.044896,300
1,4,1250,91.5478,0,0.128752,333
2,4,1250,78.1738,0.329945,0.02528,303
3,4,1250,75.531,0.872549,0.047392,304
1,4,1260,0,0,0.16872,321
2,4,1260,49.39,6.01431,0.151568,279
3,4,1260,46.735,5.90424,0.1508,277
1,4,1270,0,0,0.169248,321
2,4,1270,45.4827,6.99893,0.14848,281
3,4,1270,49.6825,5.21941,0.1528,281
1,4,1280,0,0,0.169248,321
2,4,1280,46.1039,6.76209,0.154,281
3,4,1280,52.2279,7.56072,0.1504,276
1,4,1290,0,0,0.1688,321
2,4,1290,46.1873,6.99423,0.154256,278
3,4,1290,52.1785,7.45519,0.152704,274
1,4,1300,0,0,0.169248,321
2,4,1300,50.3926,6.55893,0.154848,276
3,4,1300,46.9528,7.27024,0.152448,277
1,4,1310,0,0,0.169248,321
2,4,1310,48.3664,8.18577,0.152928,276
3,4,1310,49.3109,8.09327,0.153568,275
1,4,1320,0,0,0.168656,321
2,4,1320,39.8183,6.99779,0.151808,284
3,4,1320,49.3143,5.17894,0.155488,277
1,4,1330,0,0,0.168272,321
2,4,1330,48.7136,7.96036,0.151072,278
3,4,1330,43.8097,6.14389,0.156608,282
1,4,1340,0,0,0.169248,321
2,4,1340,47.2391,7.46962,0.14944,277
3,4,1340,46.5335,6.79956,0.153648,280
1,4,1350,0,0,0.16872,321
2,4,1350,48.7368,6.56878,0.152256,278
3,4,1350,43.849,8.51796,0.156736,280
1,4,1360,0,0,0.169248,321
2,4,1360,48.4004,6.71194,0.148512,276
3,4,1360,49.6516,7.41899,0.156032,275
1,4,1370,0,0,0.169248,321
2,4,1370,47.9567,7.15721,0.15016,277
3,4,1370,47.6333,8.1801,0.154112,277
1,4,1380,0,0,0.169248,321
2,4,1380,47.9567,7.15721,0.15016,277
3,4,1380,47.6333,8.1801,0.154112,277
1,4,1390,0,0,0.169248,321
2,4,1390,48.7674,7.4933,0.155424,275
3,4,1390,44.207,7.11797,0.15648,280
1,4,1400,0,0,0.169248,321
2,4,1400,47.9967,7.87494,0.15424,277
3,4,1400,50.0122,8.75263,0.154304,275
1,4,1410,0,0,0.169248,321
2,4,1410,46.8838,7.18928,1.157712,278
3,4,1410,45.6634,8.19341,0.154112,279
1,4,1420,0,0,0.169248,321
2,4,1420,49.0434,8.81828,0.1564,276
3,4,1420,46.709,8.18508,0.155808,278
1,4,1430,0,0,0.169248,321
2,4,1430,48.8037,6.6325,0.156,277
3,4,1430,46.9255,5.8377,0.155472,278
1,4,1440,0,0,0.169248,321
2,4,1440,45.8547,5.36046,0.157984,280
3,4,1440,44.3461,7.10466,0.159344,280
1,4,1450,0,0,0.169248,321
2,4,1450,45.6651,5.33573,0.158768,279
3,4,1450,43.1749,7.59674,0.157296,279
1,4,1460,0,0,0.169248,321
2,4,1460,41.1841,6.27583,0.161136,283
3,4,1460,45.6691,5.92084,0.157792,279
1,4,1470,0,0,0.169248,321
2,4,1470,41.0299,8.10005,0.157264,282
3,4,1470,43.36,7.40644,0.161152,283
1,4,1480,0,0,0.169248,321
2,4,1480,43.6122,5.49899,0.156992,281
3,4,1480,48.0865,8.28375,0.158368,277
1,4,1490,0,0,0.169248,321
2,4,1490,39.6645,7.28582,0.161152,284
3,4,1490,43.7295,7.54337,0.159104,281
1,4,1500,0,0,0.169248,321
2,4,1500,44.9284,8.79794,0.159872,280
3,4,1500,48.2183,10.1986,0.161712,277
1,4,1510,0,0,0.169248,321
2,4,1510,39.4888,7.02307,0.159488,283
3,4,1510,39.8837,8.30259,0.15936,284
1,4,1520,0,0,0.169248,321
2,4,1520,47.19,7.96393,0.15896,282
3,4,1520,44.9171,7.56614,0.159744,280
1,4,1530,0,0,0.169248,321
2,4,1530,41.3057,7.87199,0.162176,282
3,4,1530,43.9603,6.84952,0.158912,281
1,4,1540,0,0,0.169248,321
2,4,1540,43.7588,8.95195,0.161236,283
3,4,1540,42.2471,7.45023,0.161728,284
1,4,1550,0,0,0.169248,321
2,4,1550,43.8375,6.72664,0.159248,285
3,4,1550,36.7075,7.03486,0.160816,288
1,4,1560,0,0,0.169248,321
2,4,1560,41.3778,6.7095,0.162784,284
3,4,1560,42.8013,8.2078,0.162656,282
1,4,1570,0,0,0.169248,321
2,4,1570,46.577,8.70094,0.162384,280
3,4,1570,44.0958,8.42991,0.161456,281
1,4,1580,0,0,0.169248,321
2,4,1580,44.0974,7.51228,0.16304,285
3,4,1580,42.7581,6.72574,0.162784,284
1,4,1590,0,0,0.169248,321
2,4,1590,39.1068,8.30532,0.1656,286
3,4,1590,43.198,7.39322,0.1612,282
1,4,1600,0,0,0.169248,321
2,4,1600,41.6331,8.65843,0.161584,283
3,4,1600,41.4143,7.76756,0.161136,283
1,4,1610,0,0,0.169248,321
2,4,1610,40.2171,7.66386,0.165744,292
3,4,1610,45.4254,7.10022,0.161344,280
1,4,1620,0,0,0.169248,321
2,4,1620,38.9511,9.38183,0.161584,286
3,4,1620,40.2192,7.42173,0.162256,286
1,4,1630,0,0,0.169248,321
2,4,1630,40.4043,8.42443,0.165216,284
3,4,1630,44.7146,8.11595,0.164032,281
1,4,1640,0,0,0.169248,321
2,4,1640,43.2363,7.44994,0.162384,286
3,4,1640,41.7849,8.37579,0.168112,283
1,4,1650,0,0,0.169248,321
2,4,1650,41.4909,6.91072,0.162704,283
3,4,1650,40.2789,9.95113,0.165088,286
1,4,1660,0,0,0.169248,321
2,4,1660,40.4899,7.54761,0.161536,284
3,4,1660,41.7718,7.77752,0.16496,285
1,4,1670,0,0,0.169248,321
2,4,1670,37.9851,6.42193,0.1656,284
3,4,1670,43.1451,9.56236,0.161712,282
1,4,1680,0,0,0.169248,321
2,4,1680,42.0247,7.5054,0.161728,283
3,4,1680,44.8063,8.10631,0.161056,283
1,4,1690,0,0,0.169248,321
2,4,1690,42.0328,8.92706,0.163952,284
3,4,1690,38.9008,9.98282,0.16448,287
1,4,1700,0,0,0.169248,321
2,4,1700,40.8542,6.99485,0.162832,283
3,4,1700,39.0511,9.1574,0.16448,285
1,4,1710,0,0,0.169248,321
2,4,1710,42.2514,8.69591,0.163824,284
3,4,1710,40.867,8.47481,0.165136,286
1,4,1720,0,0,0.162948,321
2,4,1720,39.5717,8.91447,0.161856,284
3,4,1720,42.2659,8.13435,0.163248,285
1,4,1730,0,0,0.169248,321
2,4,1730,42.7328,8.14794,0.162528,284
3,4,1730,42.4993,7.16666,0.162128,285
1,4,1740,0,0,0.169248,321
2,4,1740,40.1356,8.83635,0.1658232,285
3,4,1740,42.3687,9.59673,0.1656,283
1,4,1750,0,0,0.169248,321
2,4,1750,39.9469,7.62917,0.167504,288
3,4,1750,37.7092,8.99782,0.163232,286
1,4,1760,0,0,0.169248,321
2,4,1760,38.1,8.49323,0.165408,287
3,4,1760,36.8382,8.75702,0.166464,289
1,4,1770,0,0,0.169248,321
2,4,1770,41.4934,8.26783,0.16592,283
3,4,1770,36.4476,8.08696,0.163472,287
1,4,1780,0,0,0.169248,321
2,4,1780,42.5662,7.01196,0.163424,283
3,4,1780,41.6629,9.19455,0.165408,284
1,4,1790,0,0,0.169248,321
2,4,1790,36.6407,8.52961,0.166064,287
3,4,1790,42.4771,6.60194,0.164608,283
1,4,1800,0,0,0.169248,321
2,4,1800,39.8659,7.95529,0.164608,287
3,4,1800,42.317,8.369,0.163904,283
1,4,1810,0,0,0.169248,321
2,4,1810,42.7165,8.38144,0.165792,285
3,4,1810,38.057,6.95586,0.163856,286
1,4,1820,0,0,0.169248,321
2,4,1820,43.0414,10.5149,0.164296,283
3,4,1820,42.5888,8.13636,0.162848,283
1,4,1830,0,0,0.169248,321
2,4,1830,42.5808,7.75285,0.163168,283
3,4,1830,38.443,7.91901,0.165664,288
1,4,1840,0,0,0.169248,321
2,4,1840,42.9913,7.05101,0.16632,283
3,4,1840,38.1819,7.34228,0.165552,288
1,4,1850,0,0,0.168248,321
2,4,1850,42.8776,8.25838,0.165264,282
3,4,1850,38.5103,8.21409,0.135472,286
1,4,1860,0,0,0.169248,321
2,4,1860,41.4942,7.25638,0.16592,286
3,4,1860,46.4999,8.23664,0.164368,287
1,4,1870,0,0,0.169248,321
2,4,1870,41.5036,8.39255,0.164692,286
3,4,1870,40.061,7.02137,0.164416,285
1,4,1880,0,0,0.169248,321
2,4,1880,35.2562,9.00315,0.166512,289
3,4,1880,36.6312,11.4839,0.16384,287
1,4,1890,0,0,0.169248,321
2,4,1890,39.0875,9.15271,0.136048,286
3,4,1890,33.3839,9.86098,0.166544,289
1,4,1900,0,0,0.169248,321
2,4,1900,35.7464,7.16156,0.166912,288
3,4,1900,40.1112,8.82574,0.165472,285
1,4,1910,0,0,0.169248,321
2,4,1910,38.884,7.71533,0.165616,286
3,4,1910,40.5191,7.91703,0.164816,287
1,4,1920,0,0,0.169248,321
2,4,1920,39.0483,8.90301,0.16672,288
3,4,1920,39.8481,7.64757,0.165648,284
1,4,1930,0,0,0.169248,321
2,4,1930,35.8743,9.35549,0.168332,289
3,4,1930,37.6073,9.00164,0.163712,286
1,4,1940,0,0,0.169248,321
2,4,1940,42.2146,8.45859,0.1662312,286
3,4,1940,41.6884,8.69987,0.166128,286
1,4,1950,0,0,0.169248,321
2,4,1950,39.1302,10.1081,0.166192,287
3,4,1950,37.4349,8.82825,0.166,289
1,4,1960,0,0,0.16928,321
2,4,1960,38.8222,9.80992,0.16704,287
3,4,1960,35.2472,9.86581,0.166608,288
1,4,1970,0,0,0.169248,321
2,4,1970,40.5646,9.12191,0.166784,287
3,4,1970,40.7266,7.62022,0.165008,287
1,4,1980,0,0,0.169248,321
2,4,1980,42.0622,9.06547,0.166784,285
3,4,1980,37.2355,7.24404,0.167904,289
1,4,1990,0,0,0.169248,321
2,4,1990,37.7642,7.49946,0.16672,288
3,4,1990,40.5554,7.56863,0.166128,287
1,4,2000,0,0,0.169248,321
2,4,2000,42.2146,7.30485,0.16632,286
3,4,2000,41.6884,7.62022,0.166128,286
1,6,900,102.703,0,0.20776,323
2,6,900,67.3706,3.22173,0.1034456,245
3,6,900,68.6575,3.17252,0.104592,241
1,6,910,102.875,0,0.20776,323
2,6,910,64.5761,3.50338,0.103104,253
3,6,910,67.3109,3.61942,0.110384,247
1,6,920,103.046,0,0.208352,323
2,6,920,63.6019,3.56244,0.1068,259
3,6,920,64.5948,3.49307,0.105312,253
1,6,930,103.217,0,0.2088,323
2,6,930,66.6715,3.67461,0.103088,249
3,6,930,64.8602,3.77531,0.108736,253
1,6,940,103.484,0,0.187008,321
2,6,940,65.7128,1.66402,0.1052,253
3,6,940,63.3588,3.4445,0.11328,259
1,6,950,103.552,0,0.188192,322
2,6,950,62.954,3.4229,0.114288,259
3,6,950,62.9424,2.5395,0.1084,255
1,6,960,103.72,0,0.187008,322
2,6,960,63.6979,3.33257,0.106256,258
3,6,960,60.8062,3.88513,0.113472,263
1,6,970,103.886,0,0.18864,322
2,6,970,62.0678,2.69091,0.110464,258
3,6,970,62.0103,3.65868,0.114928,263
1,6,980,104.051,0,0.187072,322
2,6,980,61.0602,3.05807,0.113616,265
3,6,980,63.8078,3.44888,0.113984,258
1,6,990,0,0,0.166624,321
2,6,990,60.3282,3.55104,0.117312,264
3,6,990,58.3413,3.75265,0.113072,265
1,6,1000,0,0,0.167296,321
2,6,1000,58.5588,4.16049,0.113696,267
3,6,1000,59.1229,3.91034,0.114848,264
1,6,1010,0,0,0.165664,321
2,6,1010,59.9513,4.49747,0.11896,267
3,6,1010,59.3589,4.15228,0.11952,266
1,6,1020,0,0,0.167824,321
2,6,1020,60.0598,4.41131,0.125328,267
3,6,1020,55.6911,4.51679,0.116432,269
1,6,1030,105.056,0,0.167152,320
2,6,1030,54.7686,4.78649,0.12446,273
3,6,1030,58.7135,4.31703,0.122544,265
1,6,1040,0,0,0.167088,321
2,6,1040,51.9969,3.70482,0.118016,272
3,6,1040,56.498,4.10722,0.126032,266
1,6,1050,0,0,0.167296,321
2,6,1050,50.9842,4.525714,0.121056,273
3,6,1050,52.7526,3.88641,0.120048,271
1,6,1060,0,0,0.1676,321
2,6,1060,55.6055,4.56861,0.1288,270
3,6,1060,52.9009,4.73913,0.123792,269
1,6,1070,0,0,0.168128,321
2,6,1070,53.2917,3.75605,0.126112,271
3,6,1070,53.7544,4.84431,0.129648,268
1,6,1080,106.036,0,0.16768,320
2,6,1080,54.6911,4.48303,0.124608,267
3,6,1080,53.7779,4.76739,0.127088,270
1,6,1090,0,0,0.168272,321
2,6,1090,53.996,4.977863,0.129008,270
3,6,1090,56.4607,4.19054,0.130048,267
1,6,1100,0,0,0.169248,321
2,6,1100,52.3192,5.34348,0.133062,270
3,6,1100,53.0018,5.3716,0.132192,269
1,6,1110,0,0,0.191056,321
2,6,1110,52.5048,4.68167,0.130192,270
3,6,1110,55.7301,5.57535,0.13544,268
1,6,1120,0,0,0.0193248,321
2,6,1120,52.6527,4.92127,0.134096,270
3,6,1120,49.6255,4.89291,0.133792,273
1,6,1130,0,0,0.168272,321
2,6,1130,52.8055,6.15229,0.136256,272
3,6,1130,53.3759,4.53082,0.134848,271
1,6,1140,0,0,0.196248,321
2,6,1140,51.0591,4.29241,0.134176,272
3,6,1140,52.6265,4.95334,0.136752,270
1,6,1150,0,0,0.168352,321
2,6,1150,50.8164,4.59638,0.134848,272
3,6,1150,52.7913,5.18298,0.138992,272
1,6,1160,0,0,0.169248,321
2,6,1160,50.3179,6.29664,0.14056,273
3,6,1160,53.7133,5.3616,0.140832,269
1,6,1170,0,0,0.169248,321
2,6,1170,52.0598,6.3085,0.14432,271
3,6,1170,54.3151,6.02094,0.140896,268
1,6,1180,0,0,0.169248,321
2,6,1180,49.4361,6.18816,0.139328,276
3,6,1180,54.3811,5.81626,0.1428,268
1,6,1190,0,0,0.169248,321
2,6,1190,52.4077,5.76758,0.143008,273
3,6,1190,51.2187,5.29648,0.144448,272
1,6,1200,0,0,0.169248,321
2,6,1200,45.3334,5.55779,0.14432,278
3,6,1200,52.1682,6.41066,0.14504,271
1,6,1210,0,0,0.169248,321
2,6,1210,49.7299,5.43484,0.146688,274
3,6,1210,50.3154,6.59637,0.146816,273
1,6,1220,0,0,0.169248,321
2,6,1220,51.6361,5.92806,0.143664,272
3,6,1220,51.326,6.27304,0.14688,272
1,6,1230,0,0,0.169248,321
2,6,1230,48.714,5.6318,0.149648,275
3,6,1230,51.4863,6.80487,0.148,272
1,6,1240,0,0,0.169248,321
2,6,1240,45.4438,6.53486,0.147824,278
3,6,1240,51.3307,6.57238,0.149248,272
1,6,1250,0,0,0.169248,321
2,6,1250,46.3464,5.69921,0.147808,277
3,6,1250,47.419,6.77445,0.150432,276
1,6,1260,0,0,0.169248,321
2,6,1260,46.7265,4.71632,0.14872,277
3,6,1260,51.4046,6.21101,0.152128,272
1,6,1270,0,0,0.129408,321
2,6,1270,47.8149,7.1447,0.151152,276
3,6,1270,48.8641,6.81181,0.148064,275
1,6,1280,0,0,0.169248,321
2,6,1280,47.9084,6.56205,0.144584,276
3,6,1280,50.7731,5.7517,0.146224,273
1,6,1290,0,0,0.169248,321
2,6,1290,49.8746,6.45705,0.147872,274
3,6,1290,48.9979,5.70673,0.147408,275
1,6,1300,0,0,0.169248,321
2,6,1300,47.9751,6.76785,0.149504,276
3,6,1300,47.8117,7.07992,0.149776,276
1,6,1310,0,0,0.169248,321
2,6,1310,44.9244,6.30533,0.150176,280
3,6,1310,50.3459,5.8604,0.144512,274
1,6,1320,0,0,0.169248,321
2,6,1320,46.9263,6.09696,0.146624,277
3,6,1320,49.0074,6.409,0.153748,275
1,6,1330,0,0,0.169248,321
2,6,1330,48.074,5.81766,0.14912,276
3,6,1330,45.6663,6.07867,0.151344,278
1,6,1340,0,0,0.169248,321
2,6,1340,48.2371,6.63145,0.14616,276
3,6,1340,48.9092,5.95131,0.150832,277
1,6,1350,0,0,0.169248,321
2,6,1350,48.3207,6.15235,0.150368,273
3,6,1350,45.841,7.58762,0.151872,275
1,6,1360,0,0,0.169248,321
2,6,1360,45.0354,7.30823,0.150816,278
3,6,1360,47.0592,7.11755,0.15024,277
1,6,1370,0,0,0.169248,321
2,6,1370,49.5753,7.6111,0.153776,275
3,6,1370,47.2976,7.2667,0.15312,277
1,6,1380,0,0,0.169248,321
2,6,1380,46.2319,8.37553,0.156672,278
3,6,1380,48.2435,5.70816,0.15208,276
1,6,1390,0,0,0.169248,321
2,6,1390,47.7134,8.23465,0.154384,277
3,6,1390,47.3636,7.63036,0.155552,277
1,6,1400,0,0,0.169248,321
2,6,1400,48.6838,8.08381,0.152992,276
3,6,1400,48.4087,7.73695,0.156144,276
1,6,1410,0,0,0.169248,321
2,6,1410,42.856,7.83658,0.132112,280
3,6,1410,46.341,7.4392,0.156016,278
1,6,1420,0,0,0.169248,321
2,6,1420,47.7544,7.25285,0.15504,277
3,6,1420,49.7821,6.61346,0.15424,275
1,6,1430,0,0,0.169248,321
2,6,1430,45.5011,6.98872,0.154512,279
3,6,1430,46.441,6.46501,0.155504,278
1,6,1440,0,0,0.169248,321
2,6,1440,47.8271,7.26622,0.154448,277
3,6,1440,45.2749,6.54628,0.156672,279
1,6,1450,0,0,0.169248,321
2,6,1450,45.4291,6.61701,0.156288,279
3,6,1450,46.5777,8.06187,0.158976,278
1,6,1460,0,0,0.169248,321
2,6,1460,44.3898,7.01183,0.156688,280
3,6,1460,47.7445,7.57752,0.158576,277
1,6,1470,0,0,0.169248,321
2,6,1470,47.9291,6.91911,0.156672,277
3,6,1470,46.6639,7.71829,0.153816,278
1,6,1480,0,0,0.169248,321
2,6,1480,48.0756,7.46865,0.158592,277
3,6,1480,45.6048,7.15017,0.157872,279
1,6,1490,0,0,0.169248,321
2,6,1490,43.4376,7.57019,0.158,281
3,6,1490,45.6907,7.65142,0.158528,279
1,6,1500,0,0,0.169248,321
2,6,1500,47.2462,7.31644,0.156288,278
3,6,1500,48.1336,8.53633,0.157648,279
1,6,1510,0,0,0.169248,321
2,6,1510,47.078,8.1853,0.160528,278
3,6,1510,44.5392,7.36164,0.159568,280
1,6,1520,0,0,0.169248,321
2,6,1520,43.717,7.92511,0.161424,282
3,6,1520,44.7496,8.08979,0.160464,280
1,6,1530,0,0,0.169248,321
2,6,1530,46.065,7.67619,0.160752,279
3,6,1530,45.9121,7.31379,0.161136,279
1,6,1540,0,0,0.169248,321
2,6,1540,45.0046,8.88445,0.159408,280
3,6,1540,44.9525,7.77033,0.159942,280
1,6,1550,0,0,0.169248,321
2,6,1550,44.9826,7.92617,0.159104,280
3,6,1550,44.8296,8.5492,0.160992,280
1,6,1560,0,0,0.169248,321
2,6,1560,46.2691,8.47948,0.160642,279
3,6,1560,43.5035,8.63156,0.160032,281
1,6,1570,0,0,0.169248,321
2,6,1570,45.0887,8.42247,0.16112,279
3,6,1570,45.0034,7.63014,0.1612916,280
1,6,1580,0,0,0.169248,321
2,6,1580,39.9421,7.512828,0.160544,283
3,6,1580,46.1958,7.86616,0.160992,279
1,6,1590,0,0,0.169248,321
2,6,1590,44.0189,7.32363,0.160672,280
3,6,1590,46.3839,6.78833,0.161104,279
1,6,1600,0,0,0.169248,321
2,6,1600,42.7601,8.06765,0.163296,282
3,6,1600,42.9355,8.40397,0.161808,282
1,6,1610,0,0,0.169248,321
2,6,1610,44.0601,7.99363,0.161712,281
3,6,1610,45.1142,6.80359,0.161136,280
1,6,1620,0,0,0.169248,321
2,6,1620,46.6354,7.29905,0.161728,279
3,6,1620,46.5052,8.14935,0.16224,279
1,6,1630,0,0,0.169248,321
2,6,1630,48.9827,8.00967,0.161792,277
3,6,1630,45.3064,7.50009,0.160992,280
1,6,1640,0,0,0.169248,321
2,6,1640,47.9352,7.45349,0.160672,278
3,6,1640,45.5197,8.47355,0.164612,282
1,6,1650,0,0,0.169248,321
2,6,1650,41.6834,8.98694,0.163376,284
3,6,1650,44.27722,7.6748,0.160736,281
1,6,1660,0,0,0.169248,321
2,6,1660,44.3619,7.48379,0.163584,283
3,6,1660,47.8229,8.18303,0.161328,278
1,6,1670,0,0,0.169248,321
2,6,1670,44.449,7.85754,0.161728,281
3,6,1670,40.3483,8.3505,0.163504,284
1,6,1680,0,0,0.169248,321
2,6,1680,43.2503,8.027,0.161648,283
3,6,1680,41.8027,8.13176,0.161584,285
1,6,1690,0,0,0.169248,321
2,6,1690,44.6292,9.39425,0.1634192,283
3,6,1690,46.7911,8.0043,0.162176,279
1,6,1700,0,0,0.169248,321
2,6,1700,44.5549,7.51434,0.16232,283
3,6,1700,43.2135,8.18167,0.162176,284
1,6,1710,0,0,0.169248,321
2,6,1710,45.8015,8.50704,0.164416,282
3,6,1710,44.5112,7.96108,0.162848,283
1,6,1720,0,0,0.169248,321
2,6,1720,44.9016,7.01945,0.169728,281
3,6,1720,46.0887,7.01923,0.162304,280
1,6,1730,0,0,0.169248,321
2,6,1730,43.5282,8.16025,0.162768,282
3,6,1730,43.6001,8.55026,0.162842,282
1,6,1740,0,0,0.169248,321
2,6,1740,44.9067,8.26506,0.16,281
3,6,1740,43.3142,7.43142,0.162704,284
1,6,1750,0,0,0.169248,321
2,6,1750,44.9493,7.91914,0.161184,281
3,6,1750,41.9764,8.10753,0.16376,285
1,6,1760,0,0,0.169248,321
2,6,1760,41.0649,8.22501,0.162304,283
3,6,1760,42.1971,8.85196,0.163888,285
1,6,1770,0,0,0.169248,321
2,6,1770,45.0756,8.58788,0.168976,281
3,6,1770,42.2167,8.01957,0.163168,285
1,6,1780,0,0,0.169248,321
2,6,1780,41.0339,7.67638,0.162256,285
3,6,1780,46.2851,8.67466,0.161712,280
1,6,1790,0,0,0.169248,321
2,6,1790,42.4961,8.24421,0.16224,284
3,6,1790,44.9332,8.34018,0.162176,281
1,6,1800,0,0,0.169248,321
2,6,1800,43.7812,7.96279,0.160528,281
3,6,1800,41.1148,7.95108,0.164944,286
1,6,1810,0,0,0.169248,321
2,6,1810,43.9929,8.56638,0.16408,284
3,6,1810,39.9309,8.39159,0.162576,285
1,6,1820,0,0,0.169248,321
2,6,1820,41.1307,7.43777,0.163952,285
3,6,1820,39.6618,8.82678,0.164352,287
1,6,1830,0,0,0.169248,321
2,6,1830,39.8999,7.97734,0.16225,284
3,6,1830,42.5169,8.19378,0.163824,285
1,6,1840,0,0,0.169248,321
2,6,1840,42.7217,7.43526,0.163296,284
3,6,1840,45.6041,8.26705,0.1638948,284
1,6,1850,0,0,0.169248,321
2,6,1850,42.8778,7.61756,0.164544,285
3,6,1850,41.2933,8.3539,0.163296,284
1,6,1860,0,0,0.169248,321
2,6,1860,41.5284,7.48589,0.163952,286
3,6,1860,42.7105,9.15602,0.164416,285
1,6,1870,0,0,0.169248,321
2,6,1870,38.3643,8.5792,0.165444,287
3,6,1870,42.5848,7.59009,0.164352,285
1,6,1880,0,0,0.169248,321
2,6,1880,42.9568,8.27892,0.163952,283
3,6,1880,44.241,8.49459,0.163424,282
1,6,1890,0,0,0.169248,321
2,6,1890,42.9707,8.79442,0.163128,282
3,6,1890,41.4552,7.56936,0.163888,284
1,6,1900,0,0,0.169248,321
2,6,1900,44.3814,8.51133,0.164016,284
3,6,1900,38.3546,8.0204,0.16376,288
1,6,1910,0,0,0.169248,321
2,6,1910,38.8595,9.19077,0.163808,285
3,6,1910,35.1818,8.02243,0.163712,288
1,6,1920,0,0,0.169248,321
2,6,1920,41.6212,8.92223,0.166976,286
3,6,1920,39.9741,8.7843,0.164042,285
1,6,1930,0,0,0.169248,321
2,6,1930,40.2981,7.74392,0.164544,286
3,6,1930,37.0162,8.61228,0.165456,289
1,6,1940,0,0,0.169248,321
2,6,1940,37.146,8.31544,0.165072,288
3,6,1940,40.2046,9.09263,0.164416,287
1,6,1950,0,0,0.169248,321
2,6,1950,35.6382,7.82763,0.165888,290
3,6,1950,42.9053,8.52491,0.164944,285
1,6,1960,0,0,0.169248,321
2,6,1960,37.346,8.72013,0.164608,288
3,6,1960,38.7464,8.18278,0.163198,286
1,6,1970,0,0,0.169248,321
2,6,1970,41.9261,8.47702,0.163896,283
3,6,1970,37.1469,8.47924,0.166064,289
1,6,1980,0,0,0.169248,321
2,6,1980,38.9416,8.47532,0.165728,287
3,6,1980,40.4137,9.24932,0.16605,287
1,6,1990,0,0,0.169248,321
2,6,1990,38.9969,7.58692,0.163376,286
3,6,1990,41.9144,8.13824,0.16421,286
1,6,2000,0,0,0.169248,321
2,6,2000,35.8465,8.51126,0.165392,289
3,6,2000,40.2503,8.25119,0.16312,285
1,8,900,102.703,0,0.20776,323
2,8,900,66.8507,3.35671,0.097056,248
3,8,900,67.378,2.365523,0.102752,248
1,8,910,102.875,0,0.207168,323
2,8,910,65.9008,3.02061,0.093824,252
3,8,910,67.7025,2.72051,0.104464,250
1,8,920,103.046,0,0.207168,323
2,8,920,64.0646,3.04353,0.102,256
3,8,920,67.4049,2.58297,0.10136,245
1,8,930,103.217,0,0.208352,323
2,8,930,69.0821,3.22124,0.096704,243
3,8,930,64.3101,2.98984,0.103744,258
1,8,940,103.386,0,0.185824,322
2,8,940,64.1837,2.27766,0.09592,254
3,8,940,61.7077,2.98509,0.105584,263
1,8,950,103.554,0,0.186416,322
2,8,950,61.8274,3.27673,0.103888,263
3,8,950,58.6805,2.47433,0.104192,266
1,8,960,103.72,0,0.187008,322
2,8,960,62.3588,3.28233,0.101648,260
3,8,960,60.6205,3.65969,0.108144,263
1,8,970,103.886,0,0.187008,322
2,8,970,58.1812,2.60638,0.104208,265
3,8,970,59.5139,2.978,0.104464,266
1,8,980,104.051,0,0.18648,322
2,8,980,60.9701,2.97917,0.104496,263
3,8,980,57.4871,3.2543,0.106032,266
1,8,990,0,0,0.166176,321
2,8,990,57.1707,3.4994,0.106864,271
3,8,990,56.8917,3.36052,0.103792,267
1,8,1000,0,0,0.166176,321
2,8,1000,58.5185,3.60875,0.108176,267
3,8,1000,58.3909,3.22433,0.106496,265
1,8,1010,0,0,0.165664,321
2,8,1010,59.8959,3.25342,0.112304,263
3,8,1010,57.035,3.87926,0.110512,269
1,8,1020,0,0,0.167232,321
2,8,1020,57.939,3.78772,0.10856,265
3,8,1020,57.95,2.99331,0.109392,265
1,8,1030,105.056,0,0.16656,320
2,8,1030,56.0407,2.35064,0.103088,267
3,8,1030,58.6719,4.43113,0.111504,267
1,8,1040,0,0,0.16664,321
2,8,1040,55.1811,3.56732,0.108624,268
3,8,1040,51.7244,3.83334,0.115312,272
1,8,1050,0,0,0.166176,321
2,8,1050,53.7254,3.94266,0.113488,270
3,8,1050,55.2031,3.7699,0.112688,270
1,8,1060,0,0,0.1676,321
2,8,1060,52.1293,4.28608,0.116192,272
3,8,1060,53.592,3.99523,0.111824,268
1,8,1070,0,0,0.167152,321
2,8,1070,52.2398,3.02713,0.111712,270
3,8,1070,53.6975,3.66151,0.115376,268
1,8,1080,0,0,0.167152,321
2,8,1080,52.1002,4.78702,0.120016,270
3,8,1080,54.4651,3.86952,0.115968,267
1,8,1090,0,0,0.166704,321
2,8,1090,55.5931,3.53746,0.11336,266
3,8,1090,53.1768,4.50251,0.121632,273
1,8,1100,0,0,0.167296,321
2,8,1100,50.5611,4.40157,0.12248,272
3,8,1100,52.1569,4.67513,0.120762,270
1,8,1110,0,0,0.169248,321
2,8,1110,49.8148,4.14736,0.120352,275
3,8,1110,55.6815,4.8209,0.129056,268
1,8,1120,0,0,0.168272,321
2,8,1120,49.9006,4.62485,0.12744,273
3,8,1120,53.373,5.08877,0.120176,269
1,8,1130,0,0,0.169248,321
2,8,1130,52.1323,3.52059,0.12472,273
3,8,1130,53.4995,5.2618,0.125632,269
1,8,1140,0,0,0.169248,321
2,8,1140,52.1323,3.52059,0.12472,273
3,8,1140,53.4995,5.2618,0.125632,269
1,8,1150,0,0,0.168352,321
2,8,1150,51.8684,5.08174,0.127152,271
3,8,1150,51.6676,4.16785,0.124912,271
1,8,1160,0,0,0.169248,321
2,8,1160,48.1864,4.74059,0.129968,275
3,8,1160,52.6604,4.24905,0.126096,270
1,8,1170,0,0,0.169248,321
2,8,1170,53.0829,5.37937,0.136176,270
3,8,1170,53.7635,4.7672,0.134976,269
1,8,1180,0,0,0.169248,321
2,8,1180,49.2961,5.36088,0.12856,274
3,8,1180,54.4613,5.27339,0.13208,268
1,8,1190,0,0,0.169248,321
2,8,1190,50.4291,4.60908,0.130256,273
3,8,1190,52.068,5.25647,0.134976,271
1,8,1200,0,0,0.169248,321
2,8,1200,50.3031,5.64201,0.136032,273
3,8,1200,50.31,5.28349,0.132016,273
1,8,1210,0,0,0.169248,321
2,8,1210,49.703,4.74904,0.136032,274
3,8,1210,51.3561,5.02203,0.135568,272
1,8,1220,0,0,0.169248,321
2,8,1220,49.467,5.30855,0.132416,274
3,8,1220,50.2052,5.414156,0.138592,273
1,8,1230,0,0,0.169248,321
2,8,1230,4837576,4.85341,0.13968,275
3,8,1230,51.4917,5.99753,0.13912,272
1,8,1240,0,0,0.169248,321
2,8,1240,47.8092,5.67068,0.14256,276
3,8,1240,49.4945,5.96248,0.139184,274
1,8,1250,0,0,0.169248,321
2,8,1250,47.7046,6.35364,0.144976,276
3,8,1250,59.6024,5.6451,0.139712,273
1,8,1260,0,0,0.1649248,321
2,8,1260,44.2458,5.60732,0.141824,279
3,8,1260,50.444,5.54562,0.14516,273
1,8,1270,0,0,0.169248,321
2,8,1270,45.5079,6.37978,0.144256,278
3,8,1270,49.7254,6.11956,0.14096,274
1,8,1280,0,0,0.169248,321
2,8,1280,46.9192,6.52202,0.14624,277
3,8,1280,49.7756,5.88774,0.14682,274
1,8,1290,0,0,0.169428,321
2,8,1290,49.8746,6.59705,0.148992,274
3,8,1290,49.872,5.83686,0.148,274
1,8,1300,0,0,0.169248,321
2,8,1300,45.8195,6.60518,0.149056,278
3,8,1300,48.891,7.14431,0.15096,275
1,8,1310,0,0,0.169248,321
2,8,1310,45.9849,6.730935,0.150704,280
3,8,1310,49.9976,6.66761,0.149904,274
1,8,1320,0,0,0.169248,321
2,8,1320,46.923,6.501,0.152016,277
3,8,1320,47.9441,6.10878,0.151872,276
1,8,1330,0,0,0.169248,321
2,8,1330,48.074,5.95306,0.149712,276
3,8,1330,45.6663,6.155,0.151344,278
1,8,1340,0,0,0.169248,321
2,8,1340,48.2371,6.70255,0.147408,276
3,8,1340,46.9092,6.15929,0.152016,277
1,8,1350,0,0,0.169248,321
2,8,1350,49.3642,6.26835,0.15096,275
3,8,1350,45.841,7.72161,0.153648,278
1,8,1360,0,0,0.169248,321
2,8,1360,46.0927,7.43612,0.152292,277
3,8,1360,47.17,6.17256,0.150832,277
1,8,1370,0,0,0.169248,321
2,8,1370,47.34235,7.63109,0.154448,277
3,8,1370,48.3898,7.36419,0.154304,276
1,8,1380,0,0,0.169248,321
2,8,1380,46.2319,8.26996,0.163672,278
3,8,1380,48.2435,5.93392,0.153264,276
1,8,1390,0,0,0.169248,321
2,8,1390,48.4557,7.52862,0.15504,276
3,8,1390,47.2181,7.59444,0.155632,277
1,8,1400,0,0,0.169248,321
2,8,1400,47.5293,7.9642,0.152992,277
3,8,1400,48.4087,7.745792,0.156736,276
1,8,1410,0,0,0.169248,321
2,8,1410,45.2171,7.76769,0.153856,279
3,8,1410,47.447,7.36411,0.155488,277
1,8,1420,0,0,0.169248,321
2,8,1420,47.7544,7.26249,0.15504,277
3,8,1420,49.7821,6.67317,0.15424,275
1,8,1430,0,0,0.169248,321
2,8,1430,45.5011,7.08915,0.155104,279
3,8,1430,46.441,6.46705,0.069504,288
1,8,1440,0,0,0.169248,321
2,8,1440,47.8271,7.25268,0.154448,277
3,8,1440,45.2749,6.63728,0.156232,279
1,8,1450,0,0,0.196248,321
2,8,1450,45.4297,6.54367,0.154224,279
3,8,1450,46.5777,7.94533,0.158384,278
1,8,1460,0,0,0.196248,321
2,8,1460,44.3898,7.07518,0.156688,280
3,8,1460,47.7445,7.59549,0.158576,277
1,8,1470,0,0,0.169248,321
2,8,1470,47.9291,7.08823,0.157856,277
3,8,1470,46.6639,7.82032,0.158,278
1,8,1480,0,0,0.169248,321
2,8,1480,46.7965,7.53912,0.155696,278
3,8,1480,41.9003,7.79943,0.158463,282
1,8,1490,0,0,0.169248,321
2,8,1490,43.4376,7.57654,0.158,281
3,8,1490,45.6907,7.63261,0.158528,279
1,8,1500,0,0,0.169248,321
2,8,1500,45.8594,6.87489,0.158,279
3,8,1500,48.0565,8.48845,0.159056,277
1,8,1510,0,0,0.169248,321
2,8,1510,48.2094,7.97314,0.159344,277
3,8,1510,45.7822,7.34465,0.158976,279
1,8,1520,0,0,0.169248,321
2,8,1520,46.0809,7.61952,0.15904,279
3,8,1520,47.0002,7.54254,0.159424,278
1,8,1530,0,0,0.169248,321
2,8,1530,47.2689,7.55825,0.159696,278
3,8,1530,45.9121,7.32576,0.160544,279
1,8,1540,0,0,0.169248,321
2,8,1540,44.9163,8.6179,0.158368,280
3,8,1540,44.9525,7.72352,0.159504,280
1,8,1550,0,0,0.169248,321
2,8,1550,44.9826,7.8808,0.159104,280
3,8,1550,43.5236,8.25772,0.159504,281
1,8,1560,0,0,0.169248,321
2,8,1560,46.2691,8.32571,0.160144,279
3,8,1560,43.5035,8.38764,0.158992,281
1,8,1570,0,0,0.169248,321
2,8,1570,43.8611,8.11955,0.160608,282
3,8,1570,46.1286,7.11117,0.16016,279
1,8,1580,0,0,0.169248,321
2,8,1580,42.621,7.45425,0.160016,281
3,8,1580,46.3115,8.41719,0.160544,279
1,8,1590,0,0,0.169248,321
2,8,1590,42.6557,7.30906,0.161136,283
3,8,1590,46.2594,7.32261,0.159424,279
1,8,1600,0,0,0.169248,321
2,8,1600,42.7601,7.38611,0.15904,282
3,8,1600,44.0739,8.10479,0.160032,281
1,8,1610,0,0,0.169248,321
2,8,1610,45.2719,7.64821,0.159488,280
3,8,1610,42.6464,7.33619,0.160544,282
1,8,1620,0,0,0.169248,321
2,8,1620,47.8801,8.32108,0.161264,278
3,8,1620,44.0618,7.99438,0.161072,281
1,8,1630,0,0,0.169248,321
2,8,1630,47.8372,7.9469,0.161344,278
3,8,1630,45.3064,7.48231,0.160544,280
1,8,1640,0,0,0.169248,321
2,8,1640,46.736,7.30483,0.15904,279
3,8,1640,44.1768,8.16551,0.1621544,283
1,8,1650,0,0,0.169248,321
2,8,1650,40.3071,8.81434,0.162784,285
3,8,1650,44.2722,7.54462,0.159696,281
1,8,1660,0,0,0.169248,321
2,8,1660,44.3679,7.28499,0.161808,283
3,8,1660,46.618,7.91738,0.159552,279
1,8,1670,0,0,0.169248,321
2,8,1670,44.3619,7.28499,0.161808,283
3,8,1670,46.618,7.91738,0.159552,279
1,8,1680,0,0,0.169248,321
2,8,1680,44.4253,7.08467,0.159472,280
3,8,1680,41.8218,8.18182,0.162784,285
1,8,1690,0,0,0.169248,321
2,8,1690,45.8716,9.06463,0.161344,280
3,8,1690,43.1465,8.0107,0.162768,282
1,8,1700,0,0,0.169248,321
2,8,1700,44.5549,7.40484,0.16128,283
3,8,1700,43.2135,8.08231,0.161584,284
1,8,1710,0,0,0.169248,321
2,8,1710,43.4037,8.18625,0.162704,283
3,8,1710,44.7189,8.05796,0.16128,281
1,8,1720,0,0,0.169248,321
2,8,1720,43.5211,7.09265,0.1616,282
3,8,1720,44.7628,8.23306,0.161712,281
1,8,1730,0,0,0.169248,321
2,8,1730,43.5211,7.09265,0.1616,282
3,8,1730,44.7628,8.23306,0.161712,281
1,8,1740,0,0,0.169248,321
2,8,1740,44.9067,8.23688,0.16,281
3,8,1740,43.3142,7.50033,0.162704,284
1,8,1750,0,0,0.169248,321
2,8,1750,46.2234,7.75774,0.16296,280
3,8,1750,39.3509,8.33981,0.162048,285
1,8,1760,0,0,0.169248,321
2,8,1760,41.0649,8.209951,0.162304,283
3,8,1760,43.5174,8.7782,0.163888,284
1,8,1770,0,0,0.169248,321
2,8,1770,41.0292,8.10321,0.162832,285
3,8,1770,43.5421,8.54218,0.163232,284
1,8,1780,0,0,0.169248,321
2,8,1780,41.0339,7.72569,0.162256,285
3,8,1780,46.2851,8.33627,0.161712,280
1,8,1790,0,0,0.169248,321
2,8,1790,42.4961,8.24406,0.16224,284
3,8,1790,44.9332,8.31946,0.162176,281
1,8,1800,0,0,0.169248,321
2,8,1800,45.0596,7.98303,0.160528,280
3,8,1800,41.1148,8.0184,0.164944,286
1,8,1810,0,0,0.169248,321
2,8,1810,43.9929,8.55081,0.16408,284
3,8,1810,41.0266,8.30158,0.161984,284
1,8,1820,0,0,0.169248,321
2,8,1820,42.4661,7.42846,0.16336,284
3,8,1820,39.6618,8.67671,0.163824,287
1,8,1830,0,0,0.169248,321
2,8,1830,38.3216,7.92866,0.161712,285
3,8,1830,42.5169,8.31532,0.164416,285
1,8,1840,0,0,0.169248,321
2,8,1840,41.491,8.54337,0.162704,285
3,8,1840,44.1046,8.95179,0.16448,284
1,8,1850,0,0,0.169248,321
2,8,1850,42.8778,7.69672,0.164544,285
3,8,1850,42.7363,8.35342,0.163296,283
1,8,1860,0,0,0.169248,321
2,8,1860,42.8442,7.56373,0.163952,285
3,8,1860,42.7747,8.55226,0.164416,285
1,8,1870,0,0,0.169248,321
2,8,1870,38.3643,8.5864,0.164544,287
3,8,1870,42.5848,7.75882,0.164944,285
1,8,1880,0,0,0.169248,321
2,8,1880,45.6899,8.6675,0.16224,281
3,8,1880,42.8365,8.44802,0.16448,285
1,8,1890,0,0,0.169248,321
2,8,1890,44.4625,8.78497,0.163488,281
3,8,1890,43.0062,8.01968,0.161188,283
1,8,1900,0,0,0.169248,321
2,8,1900,44.4656,9.03342,0.164016,284
3,8,1900,39.9283,8.16644,0.164352,287
1,8,1910,0,0,0.169248,321
2,8,1910,38.8595,9.03289,0.16328,285
3,8,1910,35.1818,8.03103,0.16313,288
1,8,1920,0,0,0.169248,321
2,8,1920,41.6212,8.78706,0.166448,286
3,8,1920,39.9741,8.74194,0.163248,285
1,8,1930,0,0,0.169248,321
2,8,1930,40.1012,7.71795,0.164016,286
3,8,1930,37.0162,8.6196,0.165604,289
1,8,1940,0,0,0.169248,321
2,8,1940,38.8103,8.15316,0.164016,287
3,8,1940,40.2046,9.01543,0.164416,287
1,8,1950,0,0,0.169248,321
2,8,1950,35.6382,7.9012,0.163888,290
3,8,1950,42.9053,8.51262,0.164944,295
1,8,1960,0,0,0.169248,321
2,8,1960,38.8997,8.57065,0.164544,288
3,8,1960,38.6814,8.84912,0.16194,286
1,8,1970,0,0,0.169248,321
2,8,1970,41.9261,8.48099,0.162896,283
3,8,1970,37.1469,8.51647,0.166064,289
1,8,1980,0,0,0.169248,321
2,8,1980,37.3416,8.41348,0.1652,288
3,8,1980,40.4137,9.19803,0.166,287
1,8,1990,0,0,0.169248,321
2,8,1990,35.6559,7.53657,0.163312,288
3,8,1990,43.2664,8.39876,0.165856,285
1,8,2000,0,0,0.169248,321
2,8,2000,37.5019,8.51441,0.165392,288
3,8,2000,40.3511,8.28071,0.16312,285
1,10,900,102.703,0,0.186416,322
2,10,900,69.54,2.71667,0.094744,239
3,10,900,68.6702,3.31394,0.104088,243
1,10,910,102.875,0,0.207168,323
2,10,910,64.3447,2.35057,0.094752,254
3,10,910,63.6124,2.17857,0.101758,255
1,10,920,103.046,0,0.207178,323
2,10,920,65.4678,2.50288,0.09302,249
3,10,920,65.9231,3.29087,0.10624,252
1,10,930,103.217,0,0.187408,322
2,10,930,63.9613,2.98085,0.148062,256
3,10,930,64.7326,2.8568,0.10328,257
1,10,940,103.386,0,0.186223,322
2,10,940,68.2144,3.01197,0.101056,255
3,10,940,63.3238,3.63983,0.103408,258
1,10,950,103.554,0,0.186816,322
2,10,950,62.8452,2.3689,0.100576,259
3,10,950,61.163,3.26724,0.101952,258
1,10,960,103.72,0,0.186608,322
2,10,960,63.4663,2.66425,0.10152,258
3,10,960,61.2337,3.93608,0.103472,262
1,10,970,103.886,0,0.1876,322
2,10,970,60.1934,3.14137,0.09776,260
3,10,970,61.2256,3.01071,0.103808,262
1,10,980,104.051,0,0.186478,322
2,10,980,55.3731,3.31921,0.102784,269
3,10,980,56.6655,3.48744,0.106504,261
1,10,990,0,0,0.166176,321
2,10,990,60.8881,3.37477,0.099552,263
3,10,990,59.0968,3.31968,0.106368,268
1,10,1000,0,0,0.166176,321
2,10,1000,57.9045,2.729,0.102976,266
3,10,1000,58.249,3.25257,0.107024,264
1,10,1010,0,0,0.145664,321
2,10,1010,59.2926,3.78669,0.108032,266
3,10,1010,59.164,3.62265,0.108144,266
1,10,1020,0,0,0.167232,321
2,10,1020,61.2614,3.52113,0.113232,260
3,10,1020,56.3794,3.77171,0.110576,266
1,10,1030,0,0,0.166112,321
2,10,1030,56.0828,3.76651,0.106256,269
3,10,1030,56.4695,3.84854,0.109456,266
1,10,1040,0,0,0.16664,321
2,10,1040,57.4199,3.52253,0.109152,265
3,10,1040,53.3992,3.81352,0.113072,268
1,10,1050,0,0,0.167296,321
2,10,1050,53.5625,4.31319,0.121776,268
3,10,1050,55.1691,5.00115,0.1288,268
1,10,1060,0,0,0.1676,321
2,10,1060,51.2618,4.84352,0.12656,273
3,10,1060,51.8883,5.0977,0.119648,270
1,10,1070,0,0,0.168128,321
2,10,1070,51.3852,4.71663,0.122096,271
3,10,1070,54.5093,7.84814,0.12454,267
1,10,1080,106.036,0,0.168272,320
2,10,1080,53.8694,3.97533,0.124608,268
3,10,1080,54.56,4.62117,0.12472,269
1,10,1090,0,0,0.168272,321
2,10,1090,53.9227,4.33946,0.126768,268
3,10,1090,54.0731,5.37578,0.131104,272
1,10,1100,0,0,0.169248,321
2,10,1100,53.1853,5.06278,0.130704,269
3,10,1100,52.0911,5.5879,0.1332,270
1,10,1110,0,0,0.169248,321
2,10,1110,52.3596,4.83905,0.125704,270
3,10,1110,53.1636,4.3292,0.134256,271
1,10,1120,0,0,0.169248,321
2,10,1120,51.5169,5.02438,0.131136,271
3,10,1120,50.5175,5.20934,0.1332,272
1,10,1130,0,0,0.169248,321
2,10,1130,48.9058,5.18039,0.135136,274
3,10,1130,53.231,5.49968,0.132016,269
1,10,1140,0,0,0.169248,321
2,10,1140,49.9981,5.75729,0.135888,273
3,10,1140,53.5088,5.08852,0.137216,271
1,10,1150,0,0,0.169248,322
2,10,1150,50.7299,5.18851,0.137808,272
3,10,1150,52.5634,5.77098,0.136752,270
1,10,1160,0,0,0.169248,321
2,10,1160,50.1597,5.47161,0.140688,273
3,10,1160,50.9101,5.48735,0.141032,272
1,10,1170,0,0,0.169248,321
2,10,1170,54.7625,6.05307,0.14432,268
3,10,1170,52.8692,5.39138,0.14208,270
1,10,1180,0,0,0.169248,321
2,10,1180,50.244,5.85827,0.138928,273
3,10,1180,53.4662,5.40998,0.143328,269
1,10,1190,0,0,0.169248,321
2,10,1190,50.354,5.67894,0.143136,273
3,10,1190,52.0803,6.52397,0.14848,271
1,10,1200,0,0,0.169248,321
2,10,1200,47.3815,5.814,0.146096,276
3,10,1200,52.904,6.38611,0.145632,270
1,10,1210,0,0,0.169248,321
2,10,1210,51.5057,5.85109,0.147872,272
3,10,1210,52.2671,6.01996,0.146816,271
1,10,1220,0,0,0.169248,321
2,10,1220,51.6361,6.14487,0.146302,272
3,10,1220,50.3685,6.2028,0.145696,273
1,10,1230,0,0,0.169248,321
2,10,1230,47.6333,5.81269,0.149648,276
3,10,1230,51.4863,6.73904,0.14791,272
1,10,1240,0,0,0.169248,321
2,10,1240,48.5018,6.99701,0.149056,275
3,10,1240,48.413,6.72546,0.148,275
1,10,1250,0,0,0.169248,321
2,10,1250,47.6369,7.10342,0.152608,276
3,10,1250,50.6024,6.45336,0.148592,273
1,10,1260,0,0,0.169248,321
2,10,1260,45.5194,5.29635,0.150768,278
3,10,1260,50.4772,6.09346,0.151616,273
1,10,1270,0,0,0.169248,321
2,10,1270,45.5079,6.39381,0.144848,278
3,10,1270,49.7254,6.13984,0.141552,274
1,10,1280,0,0,0.169248,321
2,10,1280,46.7605,6.51733,0.146688,277
3,10,1280,49.7756,5.93997,0.146816,274
1,10,1290,0,0,0.169248,321
2,10,1290,48.8224,6.72903,0.15024,275
3,10,1290,49.872,6.008,0.149184,274
1,10,1300,0,0,0.169248,321
2,10,1300,45.8195,6.66145,0.149648,278
3,10,1300,48.891,7.10092,0.15096,275
1,10,1310,0,0,0.169248,321
2,10,1310,48.0246,6.74885,0.149648,276
3,10,1310,47.9374,6.33059,0.15096,276
1,10,1320,0,0,0.169248,321
2,10,1320,46.923,6.58518,0.151552,277
3,10,1320,47.9441,6.05966,0.150832,276
1,10,1330,0,0,0.169248,321
2,10,1330,48.074,6.06988,0.1503032,276
3,10,1330,45.6663,6.14738,0.150896,278
1,10,1340,0,0,0.169248,321
2,10,1340,47.1784,6.72849,0.148,277
3,10,1340,46.9092,6.21867,0.152016,277
1,10,1350,0,0,0.169248,321
2,10,1350,48.3207,6.50047,0.152736,276
3,10,1350,46.9993,7.60309,0.1532,277
1,10,1360,0,0,0.169248,321
2,10,1360,46.097,7.45464,0.153184,277
3,10,1360,47.17,6.2391,0.150832,277
1,10,1370,0,0,0.169248,321
2,10,1370,46.4135,6.58207,0.155632,278
3,10,1370,51.3759,7.055,0.154448,273
1,10,1380,0,0,0.169248,321
2,10,1380,47.318,8.19164,0.156672,277
3,10,1380,48.2435,6.14576,0.154448,276
1,10,1390,0,0,0.169248,321
2,10,1390,48.4557,7.56602,0.155632,276
3,10,1390,48.2181,7.56634,0.155632,277
1,10,1400,0,0,0.169248,321
2,10,1400,47.5293,7.87562,0.153056,277
3,10,1400,48.4087,7.70141,0.156736,276
1,10,1410,0,0,0.169248,321
2,10,1410,45.2171,7.78178,0.154448,279
3,10,1410,47.447,7.50578,0.156672,277
1,10,1420,0,0,0.169248,321
2,10,1420,48.6908,7.93068,0.155104,276
3,10,1420,47.4899,6.85551,0.155024,277
1,10,1430,0,0,0.169248,321
2,10,1430,46.6002,7.10768,0.155104,278
3,10,1430,46.441,6.52304,0.154976,278
1,10,1440,0,0,0.169248,321
2,10,1440,48.8193,7.38149,0.155632,276
3,10,1440,45.2749,6.70434,0.156816,279
1,10,1450,0,0,0.169248,321
2,10,1450,45.4297,6.3782,0.156288,279
3,10,1450,46.5777,7.9163,0.158384,278
1,10,1460,0,0,0.169248,321
2,10,1460,44.3898,7.11669,0.156688,280
3,10,1460,47.7445,7.45303,0.155856,277
1,10,1470,0,0,0.169248,321
2,10,1470,47.9291,7.1067,0.157856,277
3,10,1470,46.6639,7.78686,0.158,278
1,10,1480,0,0,0.169248,321
2,10,1480,46.9089,8.48258,0.15688,278
3,10,1480,43.1254,7.8578,0.159056,281
1,10,1490,0,0,0.169248,321
2,10,1490,43.4376,7.57812,0.158,281
3,10,1490,75.6907,7.62111,0.158528,279
1,10,1500,0,0,0.169248,321
2,10,1500,44.6261,6.91416,0.158,280
3,10,1500,46.9197,8.2445,0.157936,278
1,10,1510,0,0,0.169248,321
2,10,1510,48.2094,7.96193,0.159344,277
3,10,1510,45.7822,7.38662,0.158976,279
1,10,1520,0,0,0.169248,321
2,10,1520,46.0809,7.71275,0.159632,279
3,10,1520,47.0002,7.49882,0.158832,278
1,10,1530,0,0,0.169248,321
2,10,1530,47.2689,7.58798,0.159696,278
3,10,1530,45.9121,7.39222,0.160544,279
1,10,1540,0,0,0.169248,321
2,10,1540,46.0367,8.53567,0.158368,279
3,10,1540,45.9785,7.7432,0.159504,279
1,10,1550,0,0,0.169248,321
2,10,1550,46.1045,7.85064,0.159104,279
3,10,1550,43.5236,8.2281,0.159504,281
1,10,1560,0,0,0.169248,321
2,10,1560,47.36165,8.27511,0.160144,278
3,10,1560,44.9191,8.22306,0.159056,280
1,10,1570,0,0,0.169248,321
2,10,1570,43.8611,8.0853,0.160708,282
3,10,1570,46.1286,7.18087,0.16016,279
1,10,1580,0,0,0.169248,321
2,10,1580,42.6959,7.3963,0.159488,281
3,10,1580,46.3115,8.36019,0.160544,279
1,10,1590,0,0,0.169248,321
2,10,1590,42.6557,7.27881,0.160544,283
3,10,1590,46.2594,7.3545,0.159424,279
1,10,1600,0,0,0.169248,321
2,10,1600,44.0233,7.39304,0.15904,281
3,10,1600,45.1649,8.0729,0.160032,280
1,10,1610,0,0,0.169248,321
2,10,1610,45.2799,7.7253,0.16208,280
3,10,1610,42.6464,7.39107,0.160544,282
1,10,1620,0,0,0.169248,321
2,10,1620,46.5726,8.26704,0.160608,279
3,10,1620,44.073,8.00492,0.161146,281
1,10,1630,0,0,0.169248,321
2,10,1630,47.8372,7.96095,0.161344,278
3,10,1630,45.3064,7.52886,0.160544,280
1,10,1640,0,0,0.169248,321
2,10,1640,46.736,7.44495,0.159632,279
3,10,1640,44.1768,8.22926,0.162332,283
1,10,1650,0,0,0.169248,321
2,10,1650,41.6834,8.66622,0.162192,284
3,10,1650,44.2772,7.5679,0.159696,281
1,10,1660,0,0,0.169248,321
2,10,1660,44.3619,7.2496,0.161216,283
3,10,1660,46.618,7.98347,0.160144,279
1,10,1670,0,0,0.169248,321
2,10,1670,43.1962,7.71833,0.160752,282
3,10,1670,40.3483,8.0075,0.161344,284
1,10,1680,0,0,0.169248,321
2,10,1680,44.4253,7.15968,0.150544,280
3,10,1680,41.8218,8.09331,0.162192,285
1,10,1690,0,0,0.169248,321
2,10,1690,45.8716,8.95971,0.161344,280
3,10,1690,44.4267,8.03814,0.178112,281
1,10,1700,0,0,0.169248,321
2,10,1700,44.5549,7.44683,0.16128,283
3,10,1700,43.2135,8.07424,0.161584,284
1,10,1710,0,0,0.169248,321
2,10,1710,43.4037,8.19478,0.162704,283
3,10,1710,45.8218,8.05969,0.16128,280
1,10,1720,0,0,0.169248,321
2,10,1720,48.3648,7.0376,0.161264,278
3,10,1720,43.2625,8.51448,0.16264,284
1,10,1730,0,0,0.169248,321
2,10,1730,46.0527,8.20402,0.162768,280
3,10,1730,47.158,8.42089,0.16424,279
1,10,1740,0,0,0.169248,321
2,10,1740,46.2349,8.29527,0.160592,280
3,10,1740,43.3142,7.55183,0.162604,284
1,10,1750,0,0,0.169248,321
2,10,1750,46.2334,7.78638,0.16296,280
3,10,1750,39.3509,8.33636,0.162048,285
1,10,1760,0,0,0.169248,321
2,10,1760,40.9377,8.11234,0.162768,285
3,10,1760,43.9057,8.08896,0.162768,284
1,10,1770,0,0,0.169248,321
2,10,1770,44.9845,7.73951,0.163952,283
3,10,1770,43.615,8.56092,0.162704,284
1,10,1780,0,0,0.169248,321
2,10,1780,41.0339,7.76108,0.162346,285
3,10,1780,44.9544,8.30923,0.161712,281
1,10,1790,0,0,0.169248,321
2,10,1790,42.4961,8.24055,0.16224,284
3,10,1790,44.9332,8.30461,0.162176,281
1,10,1800,0,0,0.169248,321
2,10,1800,45.0596,7.99463,0.160528,280
3,10,1800,41.1148,8.06528,0.164944,286
1,10,1810,0,0,0.169248,321
2,10,1810,42.7108,8.53595,0.16408,285
3,10,1810,41.0266,8.29852,0.163216,284
1,10,1820,0,0,0.169248,321
2,10,1820,41.2658,7.44914,0.163296,286
3,10,1820,43.7883,7.77332,0.165104,284
1,10,1830,0,0,0.169248,321
2,10,1830,38.3216,7.86901,0.16112,285
3,10,1830,41.2869,8.33281,0.163416,285
1,10,1840,0,0,0.169248,321
2,10,1840,44.0783,8.79153,0.162768,283
3,10,1840,39.6796,7.94794,0.163296,287
1,10,1850,0,0,0.169248,321
2,10,1850,42.8778,7.7557,0.164544,285
3,10,1850,42.7363,8.35395,0.163296,283
1,10,1860,0,0,0.169248,321
2,10,1860,42.8442,7.62361,0.163952,285
3,10,1860,42.7747,8.5343,0.164416,285
1,10,1870,0,0,0.169248,321
2,10,1870,42.9448,8.23094,0.161776,282
3,10,1870,38.4541,8.7553,0.165432,288
1,10,1880,0,0,0.169248,321
2,10,1880,45.6899,8.71415,0.162832,281
3,10,1880,42.8365,8.41961,0.16408,285
1,10,1890,0,0,0.169248,321
2,10,1890,44.4625,8.76841,0.163488,281
3,10,1890,43.0062,8.0676,0.163888,283
1,10,1900,0,0,0.169248,321
2,10,1900,44.4656,8.9682,0.164016,284
3,10,1900,39.9283,8.20082,0.164352,287
1,10,1910,0,0,0.169248,321
2,10,1910,41.704,8.3707,0.163808,283
3,10,1910,34.9035,8.91937,0.16312,288
1,10,1920,0,0,0.169248,321
2,10,1920,40.2287,8.66612,0.16512,287
3,10,1920,39.9741,8.71174,0.163248,285
1,10,1930,0,0,0.169248,321
2,10,1930,43.1213,8.1187,0.163424,284
3,10,1930,37.0094,8.47951,0.165078,289
1,10,1940,0,0,0.169248,321
2,10,1940,41.8303,7.6634,0.163952,285
3,10,1940,38.5483,7.71187,0.16448,288
1,10,1950,0,0,0.169248,321
2,10,1950,35.6382,7.9499,0.163744,290
3,10,1950,42.9053,8.50426,0.1630104,285
1,10,1960,0,0,0.169248,321
2,10,1960,38.8997,8.53422,0.164544,288
3,10,1960,38.6814,8.81014,0.16264,286
1,10,1970,0,0,0.169248,321
2,10,1970,41.9261,8.48054,0.162896,283
3,10,1970,37.1469,8.53425,0.16606,289
1,10,1980,0,0,0.169248,321
2,10,1980,37.3416,8.43616,0.16458,288
3,10,1980,40.4137,9.26263,0.165542,287
1,10,1990,0,0,0.169248,321
2,10,1990,35.6559,7.61478,0.164104,288
3,10,1990,43.2664,8.41695,0.165856,285
1,10,2000,0,0,0.169248,321
2,10,2000,39.0251,8.200565,0.165392,287
3,10,2000,38.7522,8.30543,0.16312,286
1,12,900,102.703,0,0.186816,322
2,12,900,66.7138,2.44717,0.097456,252
3,12,900,63.6902,2.82204,0.09952,256
1,12,910,102.875,0,0.207168,323
2,12,910,64.9387,2.35378,0.09416,253
3,12,910,64.5257,3.43062,0.10176,253
1,12,920,103.046,0,0.207168,323
2,12,920,65.1339,3.4189,0.094032,252
3,12,920,67.2245,3.09258,0.102816,249
1,12,930,103.217,0,0.187008,322
2,12,930,64.2391,3.105,0.09736,255
3,12,930,64.2649,3.4223,0.10288,256
1,12,940,103.386,0,0.185824,322
2,12,940,63.6816,2.3776,0.096848,257
3,12,940,61.6483,2.56975,0.102816,261
1,12,950,103.554,0,0.186416,323
2,12,950,61.1142,3.35677,0.099344,261
3,12,950,60.6026,2.82688,0.105184,263
1,12,960,103.72,0,0.187008,322
2,12,960,62.3234,2.9728,0.099936,258
3,12,960,61.1107,3.08781,0.105056,262
1,12,970,103.886,0,0.1876,322
2,12,970,58.8315,2.7007,0.101648,264
3,12,970,56.7555,2.9928,0.100448,268
1,12,980,0,0,0.165664,321
2,12,980,60.1874,3.82518,0.10416,263
3,12,980,60.9596,3.30168,0.10768,261
1,12,990,0,0,0.165728,321
2,12,990,59.1045,2.97417,0.10456,268
3,12,990,56.9303,3.29312,0.1032,267
1,12,1000,0,0,0.166176,321
2,12,1000,55.7638,2.59719,0.102976,269
3,12,1000,58.3953,3.71052,0.104064,265
1,12,1010,0,0,0.165664,321
2,12,1010,56.3825,3.67498,0.110336,268
3,12,1010,56.9871,3.30425,0.107808,265
1,12,1020,0,0,0.167824,321
2,12,1020,59.4052,3.68358,0.113232,263
3,12,1020,56.3399,3.75644,0.11064,266
1,12,1030,0,0,0.166112,321
2,12,1030,54.2964,3.35817,0.105328,267
3,12,1030,54.9604,3.45118,0.109328,268
1,12,1040,0,0,0.16664,321
2,12,1040,55.172,3.69574,0.107376,268
3,12,1040,54.2807,3.932,0.111296,267
1,12,1050,0,0,0.166176,321
2,12,1050,55.2002,3.18139,0.106256,268
3,12,1050,55.0885,3.52327,0.112416,268
1,12,1060,0,0,0.167152,321
2,12,1060,51.2034,4.17056,0.114944,273
3,12,1060,51.7953,2.90231,0.110176,270
1,12,1070,0,0,0.167152,321
2,12,1070,53.8094,4.46367,0.11224,270
3,12,1070,53.7339,4.13275,0.1136,270
1,12,1080,0,0,0.167152,321
2,12,1080,52.984,4.57865,0.117648,269
3,12,1080,54.4744,3.55185,0.113008,267
1,12,1090,0,0,0.167296,321
2,12,1090,55.5941,3.25181,0.111056,266
3,12,1090,53.9106,4.67922,0.119392,270
1,12,1100,0,0,0.167296,321
2,12,1100,50.5611,4.22384,0.11952,272
3,12,1100,52.9972,4.52442,0.118992,269
1,12,1110,0,0,0.167296,321
2,12,1110,50.5611,4.22384,0.11952,272
3,12,1110,52.9972,4.52442,0.118992,269
1,12,1120,0,0,0.169248,321
2,12,1120,53.5296,3.74346,0.11456,269
3,12,1120,50.5153,3.99633,0.120176,272
1,12,1130,0,0,0.168272,321
2,12,1130,51.7684,3.57776,0.12224,271
3,12,1130,52.4937,4.67509,0.119456,272
1,12,1140,0,0,0.169248,321
2,12,1140,50.9403,3.87874,0.12248,272
3,12,1140,54.2069,4.27149,0.124912,268
1,12,1150,0,0,0.169248,321
2,12,1150,50.9403,3.87874,0.12248,272
3,12,1150,54.2069,4.27149,0.124912,268
1,12,1160,0,0,0.169248,321
2,12,1160,50.1553,4.6182,0.1284,273
3,12,1160,52.7915,4.61801,0.1284,270
1,12,1170,0,0,0.169248,321
2,12,1170,52.7712,5.00808,0.133808,270
3,12,1170,52.7621,4.43571,0.133792,270
1,12,1180,0,0,0.169248,321
2,12,1180,50.2876,5.20105,0.127232,273
3,12,1180,54.4613,5.28273,0.132678,268
1,12,1190,0,0,0.169248,321
2,12,1190,51.4791,4.80113,0.133088,274
3,12,1190,51.1242,4.51968,0.130832,272
1,12,1200,0,0,0.169248,321
2,12,1200,48.4584,5.02403,0.136624,275
3,12,1200,52.904,5.37096,0.133792,270
1,12,1210,0,0,0.169248,321
2,12,1210,50.5799,4.85937,0.136032,273
3,12,1210,53.1197,5.21185,0.137344,270
1,12,1220,0,0,0.169248,321
2,12,1220,50.5799,4.85937,0.136032,273
3,12,1220,53.1997,5.21185,0.13736,270
1,12,1230,0,0,0.169248,321
2,12,1230,47.6333,5.29961,0.143728,276
3,12,1230,51.4863,6.01285,0.140304,272
1,12,1240,0,0,0.169248,321
2,12,1240,47.7153,5.62013,0.143152,276
3,12,1240,49.4557,5.60206,0.139776,274
1,12,1250,0,0,0.169248,321
2,12,1250,47.7068,6.29976,0.144976,276
3,12,1250,51.5702,5.84149,0.14208,272
1,12,1260,0,0,0.169248,321
2,12,1260,45.5523,5.82889,0.143664,278
3,12,1260,51.4784,5.23627,0.142144,272
1,12,1270,0,0,0.169248,321
2,12,1270,45.5079,6.30929,0.144256,278
3,12,1270,49.7254,6.16687,0.142144,274
1,12,1280,0,0,0.169248,321
2,12,1280,47.885,6.59057,0.147872,276
3,12,1280,50.7731,6.03479,0.147408,273
1,12,1290,0,0,0.169248,321
2,12,1290,48.8224,6.92371,0.152016,275
3,12,1290,49.872,6.10866,0.149776,274
1,12,1300,0,0,0.169248,321
2,12,1300,46.8006,6.75172,0.149648,277
3,12,1300,47.8117,7.13103,0.151552,276
1,12,1310,0,0,0.169248,321
2,12,1310,47.9386,7.7423,0.156752,276
3,12,1310,47.7239,6.92773,0.154448,276
1,12,1320,0,0,0.169248,321
2,12,1320,48.0536,7.14414,0.156224,276
3,12,1320,47.9441,6.94768,0.157792,276
1,12,1330,0,0,0.169248,321
2,12,1330,46.9269,6.57027,0.154384,277
3,12,1330,46.7815,6.72547,0.155488,277
1,12,1340,0,0,0.169248,321
2,12,1340,48.1784,6.60842,0.1532,276
3,12,1340,49.1091,7.04358,0.164976,275
1,12,1350,0,0,0.169248,321
2,12,1350,49.227,6.94443,0.156224,275
3,12,1350,45.841,7.83747,0.155424,278
1,12,1360,0,0,0.169248,321
2,12,1360,46.0927,7.6978,0.155488,277
3,12,1360,47.17,6.75165,0.154976,277
1,12,1370,0,0,0.169248,321
2,12,1370,47.4043,7.91995,0.157344,277
3,12,1370,49.3414,7.48424,0.157856,275
1,12,1380,0,0,0.169248,321
2,12,1380,46.2319,8.2804,0.157029,278
3,12,1380,48.2435,6.49279,0.156053,276
1,12,1390,0,0,0.169248,321
2,12,1390,48.6155,7.2751,0.157068,276
3,12,1390,46.1724,7.68849,0.156736,278
1,12,1400,0,0,0.169248,321
2,12,1400,47.5293,8.30153,0.157136,277
3,12,1400,48.4087,7.74281,0.157328,276
1,12,1410,0,0,0.169248,321
2,12,1410,45.2171,8.17243,0.158,279
3,12,1410,47.447,7.7284,0.1584676,277
1,12,1420,0,0,0.169248,321
2,12,1420,48.6908,8.09851,0.15688,276
3,12,1420,47.4899,7.18185,0.157792,277
1,12,1430,0,0,0.169248,321
2,12,1430,46.6016,7.56187,0.157265,278
3,12,1430,46.3849,7.18123,0.157265,278
1,12,1440,0,0,0.169248,321
2,12,1440,46.6199,7.98968,0.15839,278
3,12,1440,46.5292,7.14078,0.159552,278
1,12,1450,0,0,0.169248,321
2,12,1450,46.6948,7.60363,0.15904,278
3,12,1450,45.3764,8.2152,0.160752,279
1,12,1460,0,0,0.169248,321
2,12,1460,43.075,7.29597,0.157272,281
3,12,1460,47.7445,7.61141,0.158512,277
1,12,1470,0,0,0.169248,321
2,12,1470,44.4241,7.2395,0.158912,280
3,12,1470,47.7918,7.7491,0.158064,277
1,12,1480,0,0,0.169248,321
2,12,1480,45.6966,7.57932,0.159184,279
3,12,1480,46.7892,7.43509,0.159648,278
1,12,1490,0,0,0.169248,321
2,12,1490,43.4376,7.73329,0.159184,281
3,12,1490,45.6907,7.85257,0.16016,277
1,12,1500,0,0,0.169248,321
2,12,1500,44.6261,7.18279,0.159488,280
3,12,1500,46.9889,8.49388,0.160096,278
1,12,1510,0,0,0.169248,321
2,12,1510,48.2094,8.033,0.159936,277
3,12,1510,45.7822,7.49665,0.159568,279
1,12,1520,0,0,0.169248,321
2,12,1520,46.0809,7.8029,0.160224,279
3,12,1520,47.0002,7.76884,0.160608,278
1,12,1530,0,0,0.169248,321
2,12,1530,47.2689,7.85712,0.161184,278
3,12,1530,45.9121,7.44138,0.160544,279
1,12,1540,0,0,0.169248,321
2,12,1540,46.157,7.68073,0.159936,279
3,12,1540,47.1428,7.83673,0.160016,278
1,12,1550,0,0,0.169248,321
2,12,1550,46.1045,7.9087,0.159632,279
3,12,1550,44.7959,8.35805,0.1604,280
1,12,1560,0,0,0.169248,321
2,12,1560,47.3616,8.31955,0.160672,278
3,12,1560,43.5866,8.43359,0.160624,281
1,12,1570,0,0,0.169248,321
2,12,1570,45.0887,8.22698,0.160672,279
3,12,1570,45.0034,7.75084,0.161728,280
1,12,1580,0,0,0.169248,321
2,12,1580,42.6959,7.50115,0.16008,281
3,12,1580,46.3115,8.48813,0.161584,279
1,12,1590,0,0,0,0
2,12,1590,44.0189,7.57299,0.161264,280
3,12,1590,46.3839,6.92042,0.161136,279
1,12,1600,0,0,0.169248,321
2,12,1600,45.221,8.31221,0.16224,280
3,12,1600,46.323,8.30326,0.161872,279
1,12,1610,0,0,0.169248,321
2,12,1610,44.0601,7.97735,0.161712,281
3,12,1610,45.1142,7.19827,0.161728,280
1,12,1620,0,0,0,0
2,12,1620,46.6354,7.5389,0.161728,279
3,12,1620,45.2468,8.18511,0.16224,280
1,12,1630,0,0,0,321
2,12,1630,48.9827,8.14398,0.16224,277
3,12,1630,45.3064,7.64794,0.160992,280
1,12,1640,0,0,0,321
2,12,1640,46.736,7.65085,0.160672,279
3,12,1640,44.1768,8.30285,0.163824,283
1,12,1650,0,0,0,0
2,12,1650,41.6834,8.79715,0.163376,284
3,12,1650,45.4865,8.83334,0.161328,280
1,12,1660,0,0,0,0
2,12,1660,43.0997,7.7184,0.163504,283
3,12,1660,46.7646,8.2956,0.161264,279
1,12,1670,0,0,0,0
2,12,1670,44.449,8.07767,0.162768,281
3,12,1670,41.6799,8.27319,0.162976,283
1,12,1680,0,0,0,0
2,12,1680,44.4253,7.29927,0.160064,280
3,12,1680,41.8218,8.26405,0.163232,285
1,12,1690,0,0,0,0
2,12,1690,43.2826,9.05349,0.162768,283
3,12,1690,44.4921,7.89432,0.163952,281
1,12,1700,0,0,0,0
2,12,1700,43.2826,9.05349,0.162768,283
3,12,1700,44.4921,7.89432,0.163952,281
1,12,1710,0,0,0,0
2,12,1710,43.4152,7.94973,0.163296,284
3,12,1710,45.558,7.66754,0.163296,282
1,12,1720,0,0,0,0
2,12,1720,48.3648,7.19201,0.161856,278
3,12,1720,43.2625,8.6658,0.16376,284
1,12,1730,0,0,0,0
2,12,1730,46.0527,8.30669,0.16336,280
3,12,1730,47.158,8.68039,0.163952,280
1,12,1740,0,0,0,0
2,12,1740,44.8947,8.17932,0.161712,281
3,12,1740,44.8121,8.05315,0.163888,283
1,12,1750,0,0,0.169248,321
2,12,1750,44.9493,8.17979,0.162304,281
3,12,1750,41.9764,8.26049,0.164416,285
1,12,1760,0,0,0.169248,321
2,12,1760,37.9192,8.19798,0.163296,287
3,12,1760,44.6849,8.51343,0.163952,283
1,12,1770,0,0,0.169248,321
2,12,1770,46.2963,7.67469,0.163952,282
3,12,1770,46.1179,8.69819,0.163888,282
1,12,1780,0,0,0.169248,321
2,12,1780,39.5704,7.96526,0.163296,286
3,12,1780,46.0755,8.38333,0.16224,280
1,12,1790,0,0,0.169248,321
2,12,1790,43.8735,8.38461,0.162832,283
3,12,1790,43.6039,8.47432,0.164352,284
1,12,1800,0,0,0.169248,321
2,12,1800,39.688,8.74355,0.162848,285
3,12,1800,43.473,8.54447,0.164672,284
1,12,1810,0,0,0.169248,321
2,12,1810,42.5648,8.37423,0.16448,285
3,12,1810,42.4667,8.38429,0.162768,283
1,12,1820,0,0,0.169248,321
2,12,1820,41.1207,7.63722,0.163952,285
3,12,1820,39.6618,8.60304,0.163824,287
1,12,1830,0,0,0.169248,321
2,12,1830,39.8999,8.067,0.16224,284
3,12,1830,42.5169,8.53297,0.1656,285
1,12,1840,0,0,0.169248,321
2,12,1840,42.8303,9.01619,0.164544,284
3,12,1840,39.581,8.42647,0.164416,287
1,12,1850,0,0,0.169248,321
2,12,1850,42.8303,9.01619,0.164544,284
3,12,1850,39.581,8.42647,0.164416,287
1,12,1860,0,0,0.169248,321
2,12,1860,42.922,8.28663,0.164016,283
3,12,1860,43.9982,8.016,0.164352,283
1,12,1870,0,0,0.169248,321
2,12,1870,38.4363,8.6814,0.165136,287
3,12,1870,42.5848,7.86189,0.164944,285
1,12,1880,0,0,0.169248,321
2,12,1880,44.3858,8.86535,0.121668,282
3,12,1880,44.137,8.58957,0.1656,284
1,12,1890,0,0,0.169248,321
2,12,1890,40.0438,7.96062,0.163896,286
3,12,1890,42.7267,7.60506,0.165072,285
1,12,1900,0,0,0.169248,321
2,12,1900,44.5656,9.0024,0.164608,284
3,12,1900,39.9283,8.2443,0.164352,287
1,12,1910,0,0,0.169248,321
2,12,1910,41.704,8.37328,0.163808,283
3,12,1910,34.9635,8.97534,0.163712,288
1,12,1920,0,0,0.169248,321
2,12,1920,41.7587,8.68198,0.166976,286
3,12,1920,41.4739,8.88194,0.164362,284
1,12,1930,0,0,0.169248,321
2,12,1930,41.7601,8.41804,0.165072,285
3,12,1930,37.0094,8.57456,0.1656,289
1,12,1940,0,0,0.169248,321
2,12,1940,40.2975,9.02924,0.1662112,286
3,12,1940,41.5416,8.44368,0.165008,286
1,12,1950,0,0,0.169248,321
2,12,1950,41.1218,7.65976,0.165072,286
3,12,1950,40.2079,8.99192,0.164944,287
1,12,1960,0,0,0.169248,321
2,12,1960,41.8218,7.65976,0.165072,286
3,12,1960,40.2079,8.99192,0.164944,287
1,12,1970,0,0,0.169248,321
2,12,1970,37.4332,8.28541,0.164544,288
3,12,1970,41.8282,9.17092,0.165536,286
1,12,1980,0,0,0.169248,321
2,12,1980,37.3416,8.45185,0.1652,288
3,12,1980,40.4137,9.22828,0.166592,287
1,12,1990,0,0,0.169248,321
2,12,1990,40.6605,8.71835,0.1642912,286
3,12,1990,38.9327,7.96804,0.165536,288
1,12,2000,0,0,0.169248,321
2,12,2000,39.0251,8.23302,0.165392,287
3,12,2000,38.7522,8.51596,0.16424,286
